"Text";"Created-At";"Id"
"RT ";"Jaktim : Mall Grand Cakung.";
"RT ";"2022-11-19";1.59374811136033587E18
;"2022-11-19";1.59374683840160973E18
"RT ";"2022-11-19";1.59370497212195635E18
"RT ";"2022-11-19";1.59370244556970803E18
;"2022-11-19";1.59365597319693107E18
"Balapan motor mulai terjadi di Antasari sekitar Cipete Raya - Abdul Majid. Jam 12:18 pagi. ";"2022-11-19";1.59365497387046093E18
;"2022-11-18";1.59364926869877555E18
;"2022-11-18";1.59364917131962368E18
;"2022-11-18";1.59364887406890189E18
;"2022-11-18";1.59364833566715085E18
;"2022-11-18";1.59364669309795533E18
"23.29 Sebuah Truk Tangki terbakar di Tol Jakarta-Tangerang dari Cengkareng mengarah Puri Kembangan, saat ini masih dalam penanganan petugas Polri & Damkar. ";"2022-11-18";1.59364311037385933E18
;"2022-11-18";1.5936359939233751E18
;"2022-11-18";1.59363476604927181E18
;"2022-11-18";1.59363318007427891E18
;"2022-11-18";1.5936292414546944E18
;"2022-11-18";1.59362671617786266E18
;"2022-11-18";1.59362553954935194E18
;"2022-11-18";1.59362061558334669E18
;"2022-11-18";1.59361988451187917E18
"RT ";"2022-11-18";1.59359185812226867E18
"Jl. Arteri pondok Indah dekat jl bungur banyak motor lawan arah. Mohon penertibam ";"2022-11-18";1.5935754602478592E18
"RT ";"2022-11-18";1.59357545516434637E18
"Info terkini pukul 19:00 WIB Ruas toll PD.Aren -Serpong lalin lancar di kedua arah, cuaca gerimis ";"2022-11-18";1.59357468618065101E18
;"2022-11-18";1.5935739441073152E18
"RT ";"2022-11-18";1.59356966017519206E18
"RT ";"2022-11-18";1.59356636863676416E18
"RT ";"2022-11-18";1.59355606274945843E18
"17.23 Situasi terkini sore hari wilayah Bandara Soekarno-Hatta setelah dilakukan evakuasi Truck yang mengalami kecelakaan di Tol Sedyatmo KM 29 arah Jakarta ";"2022-11-18";1.59355394380387533E18
;"2022-11-18";1.59355320168855142E18
;"2022-11-18";1.59355208152030003E18
;"2022-11-18";1.59354900264112538E18
"RT ";"2022-11-18";1.59354879134849024E18
"16.49 Situasi lalu lintas di Bundaran HI Jakpus terpantau ramai lancar ";"2022-11-18";1.59354466988734464E18
"16.42 Situasi lalu lintas di Traffic Light Mega Rabbani Jl. Raya Pemuda Rawamangun Pulogadung Jaktim terpantau ramai lancar ";"2022-11-18";1.59354108847183872E18
"RT ";"2022-11-18";1.59353923880894054E18
"Perbaikan halte cawang arah bekasi hanya ada 1 lajur, ada truk parkir. ";"2022-11-18";1.59353840591661056E18
"16.30 Situasi lalu lintas di Jl. Daan Mogot Jakbar arah Tangerang terpantau ramai lancar ";"2022-11-18";1.59353745924541645E18
"Min ";"2022-11-18";1.5935368293154857E18
"16.19 Situasi lalu lintas di Tol Janger Km 1 arah Tomang Lancar arah sebaliknya arah Kebun Jeruk terpantau padat ";"2022-11-18";1.59353433013526118E18
"?";"2022-11-18";1.5935313955313623E18
"RT ";"2022-11-18";1.59352870227689882E18
"RT ";"2022-11-18";1.5935231100780544E18
;"2022-11-18";1.59351740631993549E18
;"2022-11-18";1.59351616637425254E18
"14.54 Polri Sat PJR Dit Lantas PMJ pengamanan & pengaturan Kecelakaan Lalu Lintas sebuah truk terguling di Tol Sedyatmo KM 29 arah Jakarta, saat ini sedang proses penaganan Polri lalu lintas padat ";"2022-11-18";1.59351382585233818E18
"Mana ini robot damkar DKI ko gak pernah kelihatan? ";"2022-11-18";1.59351175489797325E18
"Polda Metro Jaya akan membuka layanan Samsat di hari Sabtu (19/11/2022). Hal ini disampaikan melalui akun Twitter resmi ";"2022-11-18";1.59350557909571994E18
"Kenapa trotoar samping Graha BNI 46 Sudirman kotor banyak tanah? Ternyata ada pangkalan ojek/ojol parkir tersembunyi dibalik taman yg membuat tanah belepotan ke trotoar. Bgm ini? Ada tindakan??  ";"2022-11-18";1.59349748717181747E18
"13.32 Telah terjadi kebakaran di Pertokoan Kolong Asemka RT.03 RW.06 Kelurahan Pinangsia Tamansari Jakarta Barat,saat ini sedang dalam pendinginan oleh petugas ";"2022-11-18";1.59349230911857459E18
"Mohon izin polisi polisi yg saya hormati ";"2022-11-18";1.59348414998520218E18
"12.47 Situasi arus lalu lintas Traffic Light Asia Afrika Jakarta Pusat terpantau lancar ";"2022-11-18";1.59348086431838618E18
;"2022-11-18";1.59347626657683866E18
;"2022-11-18";1.59347596056045978E18
;"2022-11-18";1.59347561405229875E18
"RT ";"2022-11-18";1.59347437455189197E18
"RT ";"2022-11-18";1.5934742362740777E18
;"2022-11-18";1.59347405242056294E18
;"2022-11-18";1.5934653922314199E18
;"2022-11-18";1.59345419084342477E18
;"2022-11-18";1.59345081361924915E18
;"2022-11-18";1.59345067306006528E18
"RT ";"2022-11-18";1.59344929258038886E18
"10.40 Polri Sat Lantas Jakpus melakukan pengaturan dan pengamanan aksi penyampaian pendapat di depan Gedung Balaikota Jakarta Pusat ";"2022-11-18";1.59344888711250739E18
"RT ";"2022-11-18";1.59344557902751744E18
"Pakailah Helm yg Klik sesuai SNI (Standar Nasional Indonesia) untuk menjaga keselamatan anda. ";"2022-11-18";1.593441479631872E18
"RT ";"2022-11-18";1.5934398835485696E18
;"2022-11-18";1.59343652237973914E18
;"2022-11-18";1.59343587156676198E18
"09.45 Polri Sat Lantas Jakut peneguran dengan Humanis pengendara tidak memakai helm di Tarffic Light Permai Jakarta Utara ";"2022-11-18";1.59343500437765734E18
"Pak Heru sdh saatnya kampanye besar besaran & ciptakan budaya malu via sindiran menohok di videotron soal: nyampah, lawan arus, terobos TL, dll yg selama ini tdk pernah ada & berani dieksekusi. Pasti bisa cerdaskan warga DKI! ";"2022-11-18";1.59343238607081062E18
"RT ";"2022-11-18";1.59343033285414093E18
"09.17 Situasi arus lalu lintas Traffic Light Pejaten Jakarta Selatan terpantau ramai lancar ";"2022-11-18";1.59342855972016128E18
"09.17 Situasi arus lalu lintas Traffic Light Pejaten Jakarta Selatan terpantau ramai lancar ";"2022-11-18";1.59342789370238566E18
"09.13 Polri Sat Lantas Jaktim melakukan kegiatan JUMAT BAROKAH dengan membagikan SEMBAKO kepada warga sekitar Pos Garuda Makasar Jaktim ";"2022-11-18";1.59342709672211661E18
"Kok peneguran? Sudah terjadi pelanggaran. Tindak dengan Foto kirim surat tilang... hadeeeh. Berubah jadi lebih baik, jujur dan tegas...bukan jadi baik, ramah dan lembek | ";"2022-11-18";1.59342704843266458E18
;"2022-11-18";1.59342118245108531E18
"Kasihan Pak.. twit bapak ini ga pernah di tanggapi.. ";"2022-11-18";1.59341291859008717E18
;"2022-11-18";1.59340929931258266E18
;"2022-11-18";1.59340901939767296E18
"07.45 Situasi arus lalu lintas di Traffic Light Patung Kuda Monas Jakpus terpantau cukup padat. ";"2022-11-18";1.59340876130499789E18
"RT ";"2022-11-18";1.59340675055985459E18
"07.45 Situasi arus lalu lintas di Traffic Light Patung Kuda Monas Jakpus terpantau cukup padat. ";"2022-11-18";1.59340515866668646E18
"Pagi yang terang, lapor bapak2 ";"2022-11-18";1.59340277628943155E18
"RT ";"2022-11-18";1.59340100154517504E18
"Lokasi Pelayanan Samsat Keliling JADETABEK Jumat, 18 Nopember 2022. ";"2022-11-18";1.59339970228823245E18
"07.21 Situasi arus lalu lintas di Traffic Light Fatmawati Jaksel terpantau ramai lancar. ";"2022-11-18";1.59339900473730662E18
"07.05 Situasi arus lalu lintas di Traffic Light Harmoni Jakpus menuju arah Pasar Baru maupun arah Jl. Suryopranoto terpantau ramai lancar. ";"2022-11-18";1.59339528477553459E18
"07.05 Situasi arus lalu lintas di Traffic Light Harmoni Jakpus menuju arah Pasar Baru maupun arah Jl. Suryopranoto terpantau ramai lancar. ";"2022-11-18";1.59339497051770061E18
"07.00: RT ";"2022-11-18";1.59339367406672282E18
"06.52 Situasi arus lalu lintas di Ruas Tol Dalam Kota KM 00+400 (Halim) maupun Jalur Contraflow terpantau ramai lancar. ";"2022-11-18";1.59339162678080717E18
;"2022-11-18";1.59338936754372608E18
"06.36 Situasi arus lalu lintas di Kolong Fly Over Jagakarsa Jaksel menuju arah Pasar Minggu terpantau ramai lancar. ";"2022-11-18";1.59338931045088461E18
;"2022-11-18";1.59338861295495168E18
"06.37: RT ";"2022-11-18";1.59338799092742963E18
"06.36 Situasi arus lalu lintas di Kolong Fly Over Jagakarsa Jaksel menuju arah Pasar Minggu terpantau ramai lancar. ";"2022-11-18";1.59338761380498227E18
"Halo ";"2022-11-18";1.59338543794264883E18
"06.16 Situasi arus lalu lintas di Traffic Light Tugu Tani Jakpus terpantau ramai lancar. ";"2022-11-18";1.59338308633441075E18
"06.16 Situasi arus lalu lintas di Traffic Light Tugu Tani Jakpus terpantau ramai lancar. ";"2022-11-18";1.59338266480309043E18
"RT ";"2022-11-18";1.59338176983507763E18
"05.55 Situasi arus lalu lintas di Traffic Light Kebon Baru Cilincing Jakut terpantau ramai lancar. ";"2022-11-18";1.59337730660907008E18
;"2022-11-18";1.59337562221400883E18
"05.46 Situasi arus lalu lintas di Traffic Light Raden Inten Kalimalang Jaktim terpantau ramai lancar. ";"2022-11-18";1.59337503052385894E18
"RT ";"2022-11-18";1.59334720598048768E18
"Hati Masnya pasti berontak karena salting. Yang dipakein helm siapa, kok malah Mimin yang liatnya jadi mesem-mesem sendiri ??? ";"2022-11-18";1.59329872947736576E18
;"2022-11-18";1.59329042491488666E18
"23.40 Polri Dit Lantas PMJ gabung jajaran Polda Metro Jaya melakukan Apel Cipta Kondisi (Cipkon) di lapangan Presisi Ditlantas Polda Metro Jaya guna cegah adanya gangguan Kamtibmas di Wilayah Hukum Polda Metro Jaya. ";"2022-11-17";1.59328301551783117E18
"Jangan jadikan jalanan yg sepi utk ajang balap liar, karena membahayakan diri sendiri & orang lain. ";"2022-11-17";1.59327908257765786E18
"22.54 Polri Sat lantas Jakut dan jajaran Polres melakukan apel Cipkon (Cipta Kondisi) guna cegah adanya gangguan kamtibmas di Wilayah Hukum Jakarta Utara. ";"2022-11-17";1.59327141892574413E18
"Sebagai tindakan antisipasi kebakaran mobil, ada baiknya menyiapkan alat pemadam portabel di Kendaraan. ";"2022-11-17";1.59325111030293299E18
"RT ";"2022-11-17";1.59324754922944102E18
"Aiptu Aulianto Personel Satlantas Polresta Bandara Soekarno-Hatta bersama crew Damri dan Masyarakat membantu Bus Damri yang mogok di Gapura arah masuk Bandara Soekarno-Hatta. ";"2022-11-17";1.59324698191661875E18
"RT ";"2022-11-17";1.59323657038318797E18
"RT ";"2022-11-17";1.59323639276283904E18
"20.25 Polri Dit Lantas PMJ gabung Dishub melakukan Apel Penertiban Parkir Liar di sepanjang Jl. Senopati dan Jl. Gunawarman antisipasi terjadinya kemacetan. ";"2022-11-17";1.59323385832947302E18
;"2022-11-17";1.59321627607554867E18
"RT ";"2022-11-17";1.59321509116785459E18
"Info terkini pukul 19:07 WIb Ruas toll PD.Aren-Serpong lalin lancar, terpantau exit KM 10 arah Pamulang/Ciater ada antrian kendaraan imbas volume lalin di Arteri ";"2022-11-17";1.59321496614405325E18
;"2022-11-17";1.59320651802725581E18
"RT ";"2022-11-17";1.59320136704447693E18
;"2022-11-17";1.59320089173335654E18
"RT ";"2022-11-17";1.59320013100826624E18
"RT ";"2022-11-17";1.59319877600477184E18
;"2022-11-17";1.59319775213744538E18
;"2022-11-17";1.59319320345668403E18
"16.42 Situasi arus lalu lintas terkini di Simpang Lima Semper Jakarta Utara terpantau lancar. ";"2022-11-17";1.59318190203457946E18
;"2022-11-17";1.59317764224493158E18
;"2022-11-17";1.59317088323308749E18
"RT ";"2022-11-17";1.59316453906726502E18
;"2022-11-17";1.5931593230140416E18
"Wow! Foto digital 'berbekas' dari hp android versi² OS Jellybean entah tahun 2014/2016 ternyata masih dipakai juga ya admin... ??? ";"2022-11-17";1.5931444687521833E18
;"2022-11-17";1.59314050935857562E18
;"2022-11-17";1.59313616796873933E18
"ni tadi mimin liat ";"2022-11-17";1.59313502807432806E18
"RT ";"2022-11-17";1.59312694746664141E18
"RT ";"2022-11-17";1.59312389892908237E18
"12.59 Situasi arus lalu lintas terkini di Jl. S.Parman menuju Slipi / Tol Kebon Jeruk, dan sebaliknya menuju Grogol terpantau lancar. ";"2022-11-17";1.59312228594655642E18
;"2022-11-17";1.59312075814617088E18
;"2022-11-17";1.59312021163255808E18
"Jadilah pelopor keselamatan berlalu lintas & budayakan keselamatan sebagai kebutuhan. ";"2022-11-17";1.59311930005508506E18
;"2022-11-17";1.59311655903546982E18
"Hati-hati dengan kain yang Berjuntai dan dapat masuk ke jeruji roda. ";"2022-11-17";1.59311466602026189E18
;"2022-11-17";1.593114660169216E18
"RT ";"2022-11-17";1.59311241247107072E18
"Ga pantas twit lu, lu ngerendahin sendiri martabat Indonesia. Segitu bencinya lu sama ibu? Orang kayak lu pantes di ciduk. Tolong pak ";"2022-11-17";1.5931073648820224E18
;"2022-11-17";1.59310295034352845E18
;"2022-11-17";1.59309906148970086E18
;"2022-11-17";1.59309743617979597E18
;"2022-11-17";1.5930941639729193E18
;"2022-11-17";1.59308795279586509E18
;"2022-11-17";1.59308717967238758E18
;"2022-11-17";1.59308241137372365E18
"RT ";"2022-11-17";1.59307872516767744E18
"Bagi Pemotor hindari penggunaan Jas hujan Ponco, krn sering terjadi kecelakaan akibat Ponco tersangkut roda blkg. ";"2022-11-17";1.59307677208585011E18
"Guna Lampu Hazard utk berhenti pada kondisi darurat, bukan digunakan berkendara saat hujan. Krn membahayakan kendaraan yg ada di belakang. ";"2022-11-17";1.59307667955112755E18
"09.15 Situasi arus lalu lintas terkini di Tl Trakindo Jl. Ampera Raya terpantau ramai lancar. ";"2022-11-17";1.59307240778212147E18
;"2022-11-17";1.59307169399584768E18
;"2022-11-17";1.59307111533707264E18
;"2022-11-17";1.59307102776003789E18
;"2022-11-17";1.59307052211990938E18
;"2022-11-17";1.59306802998607872E18
"RT ";"2022-11-17";1.59306666921966387E18
;"2022-11-17";1.5930665670212649E18
"RT ";"2022-11-17";1.59306416403705446E18
;"2022-11-17";1.59306377294368358E18
"RT ";"2022-11-17";1.5930616442463191E18
;"2022-11-17";1.59306161112390451E18
;"2022-11-17";1.59306033604293018E18
;"2022-11-17";1.59305656410534298E18
"RT ";"2022-11-17";1.59305415917112115E18
;"2022-11-17";1.59304823311030682E18
"RT ";"2022-11-17";1.593047049431552E18
"07.58 Situasi lalu lintas di Traffic Light Basmar Mampang Jaksel arah Kuningan ramai lancar, arah sebaliknya arah Ragunan lancar, cuaca hujan ";"2022-11-17";1.59304671449096192E18
"di Cengkareng begini amat, polisi lalin ga ada ";"2022-11-17";1.59304459878780518E18
"RT ";"2022-11-17";1.59304398993843814E18
"07.28 Polri Sat Lantas Jakbar pengaturan & pengamanan Pohon tumbang di Kamal Jakbar arah Cengkareng, agar pengendara tetap berhati-hati. ";"2022-11-17";1.59304317226307994E18
"07.46 Polri Sat PJR Dit Lantas PMJ pengamanan & pengaturan kendaran Bus mengalami gangguan mesin di Tol Jorr Ps Rebo KM 30.80 arah Rabutan, agar pengendara tetap berhati-hati ";"2022-11-17";1.59304312381050061E18
"RT ";"2022-11-17";1.59304032084101939E18
"Baru aja lega lewatin banjir, ketemu macet panjang.. ini too grgrnya ?Kumplit. ";"2022-11-17";1.59304013998261453E18
;"2022-11-17";1.5930398783167529E18
"07.28 Polri Sat Lantas Jakbar pengaturan & pengamanan Pohon tumbang di Kamal Jakbar arah Cengkareng, agar pengendara tetap berhati-hati ";"2022-11-17";1.59303879707973222E18
"07.20 Situasi arus lalu lintas pagi hari di wilayah hukum Polresta Bandara Soekarno-Hatta, Cuaca masih hujan, agar masyarakat yg akan menuju Bandara Soekarno-Hatta berhati hati dalam berkendara & tetap patuhi rambu rambu lalu lintas yang ada untuk keselamatan diri dan orang lain. ";"2022-11-17";1.59303795323609907E18
"Realita nya cuma diliatin aja sama mang lisi ??? ";"2022-11-17";1.59303753138139136E18
;"2022-11-17";1.59303681454967194E18
;"2022-11-17";1.59303671793806131E18
;"2022-11-17";1.59303670287633613E18
;"2022-11-17";1.59303665473410662E18
"RT ";"2022-11-17";1.59303662099093504E18
;"2022-11-17";1.59303658733583565E18
;"2022-11-17";1.59303655141582029E18
"07.12 Polri Sat PJR Dit Lantas PMJ pengamanan & pengaturan kendaran Bus mengalami gangguan mesin di Tol Jorr Lenteng Agung KM 27 arah Ps Rebo, agar pengendara tetap berhati-hati ";"2022-11-17";1.59303436497126605E18
;"2022-11-17";1.59303374739357286E18
;"2022-11-17";1.59303354678837658E18
;"2022-11-17";1.5930332168392745E18
"RT ";"2022-11-17";1.5930330344709161E18
;"2022-11-17";1.59303274356207206E18
;"2022-11-17";1.59303253664062259E18
"Pagi yang basah, bapak2 ";"2022-11-17";1.59303245905856512E18
"Macet arah mau ke grogol ";"2022-11-17";1.59303194274813952E18
;"2022-11-17";1.59303113679163802E18
;"2022-11-17";1.59303105236028621E18
"06.59 Kecelakaan Tol Dalam Kota Jelambar KM 16 arah Pluit di lajur kanan, saat ini kendaraan sudah dipinggirkan di bahu jalan agar pengendara tetap berhati-hati ";"2022-11-17";1.59303099319962829E18
;"2022-11-17";1.59302988131064218E18
"06.53 Imbas Mesin Komputer untuk pengecekan dokumen kendaraan yg Masuk mengalami gangguan di JICT 1 Pelabuhan Tanjung Priuk Jaku, lalu lintas Plumpang arah Pelabuhan Tanjung Priok terpantau PADAT ";"2022-11-17";1.59302966769893376E18
"Halo ";"2022-11-17";1.59302951589446861E18
;"2022-11-17";1.5930290612361257E18
"Plumpang arah Pelabuhan Tjg Priok PADAT,dampak gangguan sistem bongkar muat d Pelabuhan. ";"2022-11-17";1.59302870269863117E18
;"2022-11-17";1.59302749763731456E18
"06.35wib. Antrian panjang GT in Bekasi barat. Ada  jalur yg tdk bisa dipakai. Segera diperbaiki Pak utk mengurai antrian. Terimakasih. ";"2022-11-17";1.59302671110467174E18
"RT ";"2022-11-17";1.5930251224532951E18
"Lokasi Pelayanan STNK Keliling/Samling KAMIS, 17 Nopember 2022 sbb: ";"2022-11-17";1.59302487133193421E18
"06.30 Terjadi kecelakaan di Tol Dalam Kota Layang Grogol arah Bandara, saat ini masih penanganan Polri agar pengendara tetap berhati-hati ";"2022-11-17";1.59302371839325389E18
;"2022-11-17";1.59302243708793651E18
"Lampu merah di perempatan Cempaka Mas mati, tolong ditindak lanjuti ";"2022-11-17";1.59301985393770496E18
;"2022-11-17";1.59301572040920678E18
;"2022-11-17";1.59301455934616371E18
;"2022-11-17";1.59301220908048794E18
;"2022-11-17";1.59301100471966106E18
"Cek kembali apakah pagar, pintu & jendela rumah sudah terkunci dengan baik sebelum beranjak istirahat malam hari ini. ";"2022-11-17";1.59292766737590272E18
;"2022-11-16";1.59291878548871987E18
"RT ";"2022-11-16";1.59290991463641907E18
"22.57 Polri Sat Lantas Jakut melakukan Patroli Cipkon di MOi Kelapa Gading Jakarta Utara guna cegah adanya gangguan Kamtibmas di Wilayah Hukum Jakarta Utara ";"2022-11-16";1.59290962566987776E18
;"2022-11-16";1.59290823480931123E18
"22.28 Polri Sat Lantas Jakut gabung jajaran Polres Jakut melakukan Apel Cipkon didepan Halaman Mapolres guna cegah adanya gangguan Kamtibmas di Wilayah Hukum Jakarta Utara ";"2022-11-16";1.59290214019618406E18
;"2022-11-16";1.59288896592504832E18
"21.08 Polri Sat Lantas Jaksel gabung Dishub melakukan apel Penertiban Parkir liar di Wilayah Hukum Jakarta Selatan ";"2022-11-16";1.59288203505579213E18
;"2022-11-16";1.59287573104207872E18
;"2022-11-16";1.59287491653337498E18
;"2022-11-16";1.59287453365635072E18
;"2022-11-16";1.59287399143350682E18
"20.25 Situasi arus lalu lintas Traffic Light Asia Afrika terpantau ramai lancar ";"2022-11-16";1.59287129518810317E18
;"2022-11-16";1.59287060730926285E18
;"2022-11-16";1.59286965841549722E18
;"2022-11-16";1.59286880476554854E18
"RT ";"2022-11-16";1.59286498768889446E18
"Besok dalam rangka kegiatan olahraga di Banten ,akan ada jalan yg di tutup ";"2022-11-16";1.59286479247340339E18
;"2022-11-16";1.59285868573871718E18
"19.24 Situasi arus lalu lintas di Simpang Lima Semper Jakut terpantau ramai lancar. ";"2022-11-16";1.59285625028254106E18
;"2022-11-16";1.59285538209097728E18
;"2022-11-16";1.59284717716834304E18
"RT ";"2022-11-16";1.592847093546496E18
;"2022-11-16";1.59284389475217818E18
"18.31 Situasi arus lalu lintas di Traffic light Tugu Tani Jakpus terpantau ramai lancar. ";"2022-11-16";1.59284293886609408E18
"RT ";"2022-11-16";1.59283854782408294E18
"Info terkini pukul 18:05 WIB Ruas tol PD.Aren-Serpong lalin lancar di kedua arah, cuaca cerah ";"2022-11-16";1.59283631624464384E18
;"2022-11-16";1.59283388372864614E18
;"2022-11-16";1.59282965684750746E18
"Satlantas Polres Metro Bekasi Kota Berikan Edukasi Berlalulintas ke Siswa TK Al-Istiqomah ";"2022-11-16";1.59282574548706099E18
;"2022-11-16";1.59282299148188877E18
"RT ";"2022-11-16";1.59282225224000307E18
"17.06 Situasi arus lalu lintas di Traffic light Pancoran Jaksel dari arah Pasar Minggu menuju arah Tebet terpantau ramai lancar, demikian juga arah sebaliknya ramai lancar. ";"2022-11-16";1.5928212770052055E18
"16.59 Live Report Pantauan arus lalu lintas di Traffic light Karet Bivak Tanah Abang Jakpus, situasi arus lalu lintas terpantau ramai lancar. ";"2022-11-16";1.59281951510414131E18
;"2022-11-16";1.59281651977567027E18
"16.36 Live Report Pantauan arus lalu lintas di Traffic light Cawang Interchange Jaktim, situasi arus lalu lintas terpantau ramai lancar. ";"2022-11-16";1.59281432480411648E18
;"2022-11-16";1.5928139576221737E18
;"2022-11-16";1.59281375884568166E18
"16.17 Situasi arus lalu lintas di Traffic light Pesing Jakbar terpantau ramai lancar. ";"2022-11-16";1.59280900999597261E18
;"2022-11-16";1.59280876781686374E18
;"2022-11-16";1.59280834393212928E18
"RT ";"2022-11-16";1.59280470847300813E18
"15.59 Kegiatan Penyampaian Pendapat di depan Menara Thamrin Jakpus, Situasi arus lalu linta ramai lancar. ";"2022-11-16";1.59280464097827226E18
"?";"2022-11-16";1.59280437372141978E18
"15.56 Situasi arus lalu lintas di Gerbang Tol Semanggi 1 terpantau ramai lancar. ";"2022-11-16";1.59280379109063475E18
;"2022-11-16";1.59280324727397171E18
"15.09 Situasi arus lalu lintas di Jl Perintis Kemerdekaan Pulo Gadung Jaktim terpantau ramai lancar. ";"2022-11-16";1.59279197353807872E18
;"2022-11-16";1.59277974571205018E18
"RT ";"2022-11-16";1.59277731777626522E18
"ahh masa? sepeda yang dikawal trus ditabrak sama mobil yg terobos lampu hijau gmn? ";"2022-11-16";1.5927769865814057E18
"14.00 Kegiatan Penyampaian Pendapat di depan Kantor DPP Nasde, Jl. RP Suroso Jakpus, Situasi arus lalu lintas menuju arah Jl. Cut Mutia terpantau ramai lancar. ";"2022-11-16";1.59277483088531866E18
"13.50 Kegiatan Penyampaian Pendapat di depan Kantor Baharkam Polri Jl. Trunojoyo Jaksel, Situasi arus lalu lintas terpantau ramai lancar. ";"2022-11-16";1.59277226297720832E18
"?";"2022-11-16";1.59277130543020032E18
"RT ";"2022-11-16";1.59277016341771059E18
"RT ";"2022-11-16";1.59276980517378458E18
"RT ";"2022-11-16";1.59276967949148979E18
;"2022-11-16";1.59276773047389798E18
"RT ";"2022-11-16";1.59276723045413683E18
;"2022-11-16";1.59276544615490765E18
;"2022-11-16";1.59276384705171866E18
"Maksudnya yg kaya dipake orang berkaos biru itu pak? ";"2022-11-16";1.59276332368229581E18
;"2022-11-16";1.59276225908823654E18
;"2022-11-16";1.5927621404271575E18
;"2022-11-16";1.5927605178774569E18
"12.45 Situasi arus lalu lintas di Ruas Tol Jagorawi KM 03+800 terpantau ramai lancar. ";"2022-11-16";1.59275559417946522E18
"RT ";"2022-11-16";1.59275301514839245E18
"12.28 Situasi arus lalu lintas di Ruas Tol Dalam Kota KM 03+800 (Pancoran arah Cawang) terpantau ramai lancar. ";"2022-11-16";1.5927518830596055E18
;"2022-11-16";1.5927490076629033E18
;"2022-11-16";1.59274714502700646E18
;"2022-11-16";1.59274585370568294E18
;"2022-11-16";1.5927449644670935E18
"11.53 Situasi arus lalu lintas di Jl. Jendral Sudirman (Dukuh Atas) Jakpus terpantau ramai lancar. ";"2022-11-16";1.59274357241951027E18
"11.53 Situasi arus lalu lintas di Jl. Jendral Sudirman (Dukuh Atas) Jakpus terpantau ramai lancar. ";"2022-11-16";1.59274288107241062E18
;"2022-11-16";1.59273349984878592E18
"RT ";"2022-11-16";1.59273129333870182E18
;"2022-11-16";1.59272944841504358E18
;"2022-11-16";1.59272934536131789E18
"RT ";"2022-11-16";1.5927291928267776E18
"Ada apa di simpang cikunir arah MBZ ";"2022-11-16";1.59272665701378048E18
"10.42 Situasi arus lalu lintas di Ruas Tol Jakarta-Tangerang KM 01+600 terpantau ramai lancar. ";"2022-11-16";1.59272477217327104E18
"RT ";"2022-11-16";1.5927233595778048E18
;"2022-11-16";1.59271978022976307E18
;"2022-11-16";1.59271699092951859E18
;"2022-11-16";1.59271547418981581E18
;"2022-11-16";1.59271535589789286E18
;"2022-11-16";1.59271479649933722E18
"09.28 Situasi arus lalu lintas di Traffic Light Pancoran Jaksel menuju arah Cawang maupun arah Kalibata terpantau ramai lancar. ";"2022-11-16";1.59271330456027546E18
;"2022-11-16";1.59271259440165683E18
"Dahulukan selalu KA, menerobos Perlintasan Kereta yg telah memberikan isyarat utk berhenti dpt berakibat kecelakaan. ";"2022-11-16";1.59271113594149274E18
;"2022-11-16";1.5927085280239616E18
"RT ";"2022-11-16";1.59270839155388826E18
"RT ";"2022-11-16";1.59270691237774541E18
"09.28 Situasi arus lalu lintas di Traffic Light Pancoran Jaksel menuju arah Cawang maupun arah Kalibata terpantau ramai lancar. ";"2022-11-16";1.59270633285524275E18
"RT ";"2022-11-16";1.59270589992757248E18
;"2022-11-16";1.59270533308837478E18
;"2022-11-16";1.59270476905934848E18
;"2022-11-16";1.5927044934977577E18
"Kalo terobos lampu hijau??? ";"2022-11-16";1.59270237695550669E18
"RT ";"2022-11-16";1.59270067689082061E18
;"2022-11-16";1.59269991601474355E18
"09.02 Situasi arus lalu lintas di Traffic Light Kodim Lama Jatinegara Jaktim menuju arah Buaran maupun arah Kampung Melayu terpantau ramai lancar. ";"2022-11-16";1.59269975962592461E18
"09.00 Situasi arus lalu lintas di Traffic Light Cempaka Putih Jakpus menuju arah Pulogadung maupun arah Sunter terpantau ramai lancar. ";"2022-11-16";1.59269920057973555E18
;"2022-11-16";1.59269892283675853E18
;"2022-11-16";1.59269879070396006E18
"RT ";"2022-11-16";1.59269852367359181E18
"08.38 Situasi arus lalu lintas di Traffic Light Slipi Jakbar menuju arah Tomang maupun arah Palmerah terpantau ramai lancar. ";"2022-11-16";1.59269675280069018E18
;"2022-11-16";1.59269546421823488E18
"Wah pagi2 dah merah nih, pagi bapak2 ";"2022-11-16";1.5926953311413248E18
;"2022-11-16";1.59269419450590822E18
"08.38 Situasi arus lalu lintas di Traffic Light Slipi Jakbar menuju arah Tomang maupun arah Palmerah terpantau ramai lancar. ";"2022-11-16";1.59269375664121856E18
"Menerobos lampu hijau juga dianggap pelanggaran tuh pas kasus pemobil versus pesepeda di lampu merah harmoni,min?piye? ";"2022-11-16";1.59269156798204314E18
"RT ";"2022-11-16";1.59269039347665306E18
"Tilang offline sudah dicabut, Sedang camera sebagai salah satu sarana penunjang E-Tilang juga belum banyak tersebar. Apa tak ingin dibantu oleh camera pengguna jalan yg memasang camera di kendaraannya ? ";"2022-11-16";1.59269015353696256E18
;"2022-11-16";1.59268682547030835E18
"Lokasi Pelayanan Samsat Keliling JADETABEK Rabu, 16 November 2022. ";"2022-11-16";1.59268496461703168E18
;"2022-11-16";1.59267173838687437E18
"Tolong bantu share dan temukan ";"2022-11-16";1.59267130811417805E18
"RT ";"2022-11-16";1.59266963848758477E18
"Berenti di luar garis ga kena tilang? ";"2022-11-16";1.59266944493265715E18
"06.40 Situasi arus lalu lintas terkini di Jl. Mampang Prapatan terpantau lancar. ";"2022-11-16";1.59266900441787187E18
"?";"2022-11-16";1.59266778464299008E18
;"2022-11-16";1.59266646176367821E18
"?";"2022-11-16";1.5926655579285504E18
;"2022-11-16";1.59266062002516787E18
"RT ";"2022-11-16";1.59265501989112218E18
;"2022-11-16";1.59264104274212045E18
;"2022-11-16";1.59260972123174093E18
;"2022-11-16";1.59260007901760307E18
;"2022-11-16";1.59256808050878054E18
"ternyata... persaingannya ketat.  ";"2022-11-15";1.59252104136428339E18
;"2022-11-15";1.59251690538179789E18
;"2022-11-15";1.59251626241205453E18
;"2022-11-15";1.59250410088078131E18
;"2022-11-15";1.59250218062777549E18
;"2022-11-15";1.59248151870192845E18
;"2022-11-15";1.59248092653715866E18
;"2022-11-15";1.59247975435956634E18
;"2022-11-15";1.59245945171360563E18
;"2022-11-15";1.59245900232329216E18
"RT ";"2022-11-15";1.59245885469639066E18
"17.04 Hati-hati bagi pengendara bila melintas ada perbaikan jalan di depan Gedung Sinarmas Jl. Tahmrin Jakpus, dari Sarinah arah Bundaran HI ";"2022-11-15";1.59245856408983962E18
;"2022-11-15";1.59245826509887078E18
"TOLONG PAK ";"2022-11-15";1.59245794471696794E18
;"2022-11-15";1.59245682070601318E18
;"2022-11-15";1.59245470248219853E18
;"2022-11-15";1.59244875455650611E18
;"2022-11-15";1.59244812481947648E18
;"2022-11-15";1.59244749273369805E18
"Min kalau crossing pancoran dr ps minggu ke saharjo nopol genap pd hari ganjil di jam gage melanggarkah? ";"2022-11-15";1.59244431183645491E18
;"2022-11-15";1.59243123158905651E18
"Semenjak tilang elektronik semakin menjadi2 pelangggarannya. Video di JLNT casablanca ";"2022-11-15";1.59240502378666803E18
"Demi keselamatan diri sendiri, gunakan helm saat mengendarai sepeda motor. ";"2022-11-15";1.59239340229306368E18
"Pak, anak Paud kan kaga bawa kendaraan bermotor pak ";"2022-11-15";1.5923797446997033E18
"RT ";"2022-11-15";1.59237918556542976E18
"Pukul 11:45 wib lalin ruas tol Pondok Aren-Serpong lancar dikedua arah cuaca teduh.";"2022-11-15";1.59237789400081203E18
"RT ";"2022-11-15";1.59237059657872589E18
"11.13 Polri Dit Lantas Polda Metro Jaya melakukan pengaturan dan pengamanan Proyek Pemasangan Tali Air oleh PT Jaya Kontruksi di Jl.Gatot Subroto yang mengarah ke Semanggi ";"2022-11-15";1.59237016771536077E18
"10.56 Polri Sat Lantas Jakbar melakukan kegiatan Police Goes To School dengan memberi materi tertib berlalu lintas,pengenalan rambu rambu dan memberi Imbauan Keselamatan di SD Negeri 01 Kedoya Utara Jakarta Barat ";"2022-11-15";1.59236576706418278E18
"10.45 Polri Sat Lantas Jakpus melakukan pengaturan dan pengamanan Aksi Penyampaian Pendapat di depan Gedung Balaikota Jakarta Pusat ";"2022-11-15";1.59236293895404749E18
"10.12 Situasi arus lalu lintas Traffic Light Asia Afrika Jakarta Pusat terpantau ramai lancar ";"2022-11-15";1.59235459096789402E18
;"2022-11-15";1.5923539204748288E18
"RT ";"2022-11-15";1.59235064308344013E18
;"2022-11-15";1.59235014973261824E18
"09.45 Situasi arus lalu lintas Traffic Light Pejaten Jakarta Selatan terpantau ramai lancar ";"2022-11-15";1.59234773422037402E18
;"2022-11-15";1.5923466182121513E18
;"2022-11-15";1.5923438916671447E18
"09.27 Situasi arus lalu lintas Traffic Light Total Buah Mampang Jakarta Selatan terpantau ramai lancar ";"2022-11-15";1.5923431673405399E18
;"2022-11-15";1.59234186557954867E18
;"2022-11-15";1.59234029183896371E18
;"2022-11-15";1.59233375913079603E18
"RT ";"2022-11-15";1.59233310028530893E18
;"2022-11-15";1.59233063365706957E18
"RT ";"2022-11-15";1.59232899209037824E18
"RT ";"2022-11-15";1.59232502085166285E18
"08.10 Situasi arus lalu lintas Traffic Light Pintu Besi Jakarta Pusat terpantau ramai lancar ";"2022-11-15";1.5923239142142976E18
"07.56 Situasi arus lalu lintas di Kawasan Jl. Daan Mogot Pesing Jakbar terpantau ramai lancar. ";"2022-11-15";1.59232047693162496E18
"RT ";"2022-11-15";1.59231836185757696E18
"Lokasi Pelayanan Samsat Keliling JADETABEK Selasa, 15 Nopember 2022. ";"2022-11-15";1.59231821181435085E18
"Pagi pagi pagi bapak2 ";"2022-11-15";1.59231118873790874E18
"07.12 Situasi arus lalu lintas di Traffic Light Fatmawati Jaksel terpantau ramai lancar. ";"2022-11-15";1.59230957520132506E18
"06.56 Situasi arus lalu lintas di Ruas Tol Dalam Kota KM 01+600 (Cawang Atas) menuju arah Semanggi terpantau padat , sedangkan Jalur Contraflow terpantau ramai lancar. ";"2022-11-15";1.59230537728602931E18
"06.45 Situasi arus lalu lintas di Traffic Light Kebon Baru Cilincing Jakut terpantau ramai lancar. ";"2022-11-15";1.59230260914612224E18
"?";"2022-11-15";1.59230220509618995E18
;"2022-11-15";1.59230077816080384E18
"06.29 Situasi arus lalu lintas di Traffic Light Srengseng Asem Kembangan Jakbar terpantau ramai lancar. ";"2022-11-15";1.59229872963754394E18
"06.12 Situasi arus lalu lintas di Traffic Light Cempaka Putih Jakpus menuju arah Jl. Letjen Suprapto terpantau ramai lancar. ";"2022-11-15";1.59229448240144794E18
"05.53 Situasi arus lalu lintas di Traffic Light Borobudur Kalimalang Jaktim terpantau ramai lancar. ";"2022-11-15";1.59228967941587354E18
"05.46 Situasi arus lalu lintas di Traffic Light Grogol Jakbar menuju arah Tomang maupun arah Jl. Hasyim Azhari terpantau ramai lancar. ";"2022-11-15";1.59228780949025587E18
"05.20 Situasi arus lalu lintas di Gerbang Tol Tebet 1 menuju arah Semanggi terpantau lancar. ";"2022-11-15";1.5922814147281961E18
;"2022-11-15";1.5922407677033513E18
;"2022-11-14";1.59219723901510451E18
;"2022-11-14";1.59219687636717978E18
;"2022-11-14";1.59219407093143962E18
;"2022-11-14";1.59219207219462554E18
"Tetap semangat ";"2022-11-14";1.5921845969214505E18
"RT ";"2022-11-14";1.59217116144589619E18
"22.01 Situasi arus lalu lintas di Jl I Gusti Ngurai Rai Jaktim terpantau lancar. ";"2022-11-14";1.59217096992557466E18
"Cctv nya bisa geseran dikit ke rumah ";"2022-11-14";1.5921708997087273E18
;"2022-11-14";1.59216968894738842E18
"21.45 Pantauan arus lalu lintas malam hari di wilayah hukum Polresta Bandara Soekarno-Hatta. ";"2022-11-14";1.59216682427548877E18
"21.43 Situasi arus lalu lintas di Jl Deplu Raya Jaksel terpantau lancar. ";"2022-11-14";1.59216636820783514E18
;"2022-11-14";1.59216393026863514E18
;"2022-11-14";1.59216265477661082E18
"RT ";"2022-11-14";1.59216189543562445E18
"RT ";"2022-11-14";1.59215761563910554E18
"20.52 Polri Ditlantas Polda Metro Jaya  melaksanakan Apel antisipasi parkir liar di sekitaran Jl Senopati dan Jl Gunawarman Jakarta Selatan. ";"2022-11-14";1.5921536716889129E18
;"2022-11-14";1.59214883058971853E18
;"2022-11-14";1.59214869789870899E18
"Resah bgt tinggal di ciputat pada tawuran mulu apalagi malem minggu ";"2022-11-14";1.59214320694239642E18
"RT ";"2022-11-14";1.5921197894007767E18
;"2022-11-14";1.59211692020741325E18
;"2022-11-14";1.59211226209307853E18
"Apabila mengantuk beristirahatlah segera, jangan paksakan berkendara. Keselamatan anda adalah utama. ";"2022-11-14";1.59211002642840371E18
"17.33 Situasi arus lalu lintas terkini di GT Semanggi 2 terpantau ramai lancar. ";"2022-11-14";1.59210978994097766E18
"Rambu nya kurang gede kayaknya, 'dilarang muter balik'. Semoga semakin baik ke depannya buat warga Jkt terutama untuk kesadaran sosial nya. ";"2022-11-14";1.59210029590317466E18
;"2022-11-14";1.5920920985931735E18
;"2022-11-14";1.59209009899230822E18
;"2022-11-14";1.59208999454991974E18
;"2022-11-14";1.59208670919775437E18
"Barang Bukti Yg Di Foto Byk Sekali ";"2022-11-14";1.59207465620670464E18
;"2022-11-14";1.59207412927208243E18
;"2022-11-14";1.59207241435962163E18
"RT ";"2022-11-14";1.59207188798285414E18
"14.42 Polri pengamanan & pengaturan didpn Kemenkopolhukam, antisipasi kegiatan aksi penyampaian pendapat. ";"2022-11-14";1.5920709237668905E18
"14.15 Situasi arus lalu lintas di Bundaran Senayan terpantau lancar. ";"2022-11-14";1.59207017519686451E18
;"2022-11-14";1.59206341024170394E18
;"2022-11-14";1.59206190650821427E18
;"2022-11-14";1.59205985126149734E18
;"2022-11-14";1.59205665398967501E18
;"2022-11-14";1.59204180202634445E18
;"2022-11-14";1.5920414439921623E18
"RT ";"2022-11-14";1.5920357422259241E18
;"2022-11-14";1.5920314074505216E18
"?";"2022-11-14";1.59203123100450816E18
"RT ";"2022-11-14";1.5920240536653783E18
"RT ";"2022-11-14";1.59202401274154598E18
"RT ";"2022-11-14";1.59202338241737933E18
;"2022-11-14";1.59201786910960435E18
"12.06 Pengalihan arus lalu lintas di Tol exit Bitung mengarah Jatiuwung ditutup, diarahkan menuju exit Tol Cikupa, dikarenakan adanya genangan di Jalur arteri. ";"2022-11-14";1.59201701828666982E18
"APIL di pertigaan Jl saharjo tebet mengalami gangguan ";"2022-11-14";1.5920167921885143E18
;"2022-11-14";1.59201529459550208E18
;"2022-11-14";1.59201409267154944E18
;"2022-11-14";1.59201387265094861E18
;"2022-11-14";1.59201357355512627E18
;"2022-11-14";1.59201348411998208E18
;"2022-11-14";1.59200975585768653E18
;"2022-11-14";1.5920092008925143E18
;"2022-11-14";1.5920079692519465E18
"RT ";"2022-11-14";1.59200148955138048E18
"RT ";"2022-11-14";1.59199681257524838E18
;"2022-11-14";1.59199189292930662E18
;"2022-11-14";1.59199065040031334E18
"RT ";"2022-11-14";1.59197130785987379E18
;"2022-11-14";1.59196853143198515E18
"RT ";"2022-11-14";1.59196653852521267E18
"RT ";"2022-11-14";1.59196637610917888E18
;"2022-11-14";1.59196407959351296E18
;"2022-11-14";1.59196403872003277E18
;"2022-11-14";1.59196356272940646E18
"Help ";"2022-11-14";1.59196244168844902E18
"overload truk di tol jorr ngeri coy... posisi di kp rambutan ";"2022-11-14";1.59196122221132595E18
"RT ";"2022-11-14";1.59195909544754381E18
"Pagi yang memacetkan bapak2 ";"2022-11-14";1.59195831146921165E18
"Lokasi Pelayanan STNK Keliling/Samling SENIN, 14 Nopember 2022 sbb: ";"2022-11-14";1.59195812004117709E18
"Sejak Patung Arjuna Wijaya diubah jadi besi, makin hilang pesonanya. Kini jadi Patung Kuda Indosat. Bukan Patung Kuda Pesona ";"2022-11-14";1.59195361434782925E18
"RT ";"2022-11-14";1.59195354874474496E18
"07.22 Polri Sat Gatur Dit Lantas PMJ membantu pengendara sepeda motor yg mengalami ganggun mesin di sekitar Bundaran Patung Kuda Indosat Jakpus ";"2022-11-14";1.5919505975611433E18
"Jl Gajah Mada di perempatan Jl Sukarjo Wiryopranoto ke Jl Kyai Haji Zainul Arifin sudah dipasangi benteng beton terkait proyek. Apakah kebijakan Ga-Ge di area itu akan ditinjau, ";"2022-11-14";1.5919498859806761E18
;"2022-11-14";1.59194608536664883E18
"?";"2022-11-14";1.5919451787716608E18
"?";"2022-11-14";1.59194179719798784E18
"RT ";"2022-11-14";1.59194106411787059E18
"?";"2022-11-14";1.59194038779892122E18
"?";"2022-11-14";1.59193891512392909E18
"Jadwal Simling Polres Metro Bekasi Kota Bulan November 2022, Sebagai Berikut : ";"2022-11-14";1.59192892604536013E18
"Kecelakaan kendaraan roda 4. Mohon di bantu evakuasi pak Polisi ";"2022-11-14";1.5918787296133161E18
;"2022-11-14";1.59185804577645773E18
"RT ";"2022-11-14";1.59183898475751424E18
"Cek kembali apakah pagar, pintu & jendela rumah sudah terkunci dengan baik sebelum beranjak istirahat malam hari ini. ";"2022-11-13";1.5918350379973673E18
"23.02 Polri Sat Lantas Jakut gabung jajaran Polres melakukan Apel Cipkon didepan Halaman Mapolres guna cegah adanya gangguan Kamtibmas di Wilayah Hukum Jakarta Utara ";"2022-11-13";1.59182354136816026E18
"RT ";"2022-11-13";1.59181185499702067E18
"21.46 Imbas Proyek Peraspalan Jalan depan gedung Nindya MT Haryono arah Pancoran terjadi kepadatan, bagi pengendara agar menjaga jarak aman kendaraan anda ";"2022-11-13";1.59180460770527232E18
;"2022-11-13";1.59179555429137203E18
;"2022-11-13";1.59179354791685325E18
"20.58 Situasi arus lalu lintas Traffic Light Asia Afrika Jakarta Pusat terpantau ramai lancar ";"2022-11-13";1.59179244315829862E18
"RT ";"2022-11-13";1.59179120598962586E18
"20.06 Situasi arus lalu lintas Bundaran Pondok Indah Jakarta Selatan terpantau ramai lancar. ";"2022-11-13";1.59178387497959014E18
"20.06 Situasi arus lalu lintas Bundaran Pondok Indah Jakarta Selatan terpantau ramai lancar ";"2022-11-13";1.59177930940419277E18
"Perhatikan itu orang pada jalan di jalanan karena trotoarnya penuh sama motor! Masih berlaku larangan dilarang parkir dan fungsi trotoar sebenarnya? ";"2022-11-13";1.59177431213001933E18
"Dan ini situasi malam hari, hari Minggu: gimana gak macet pak?!  Apa kerja ";"2022-11-13";1.59176474794668851E18
"RT ";"2022-11-13";1.59175333669257626E18
"Tol Cikupa mengarah Tangerang sangat padat ";"2022-11-13";1.59174852034392474E18
"17.36 Situasi arus lalu lintas di Traffic light Cempaka Putih terpantau ramai lancar. ";"2022-11-13";1.59174373010900173E18
"17.36 Situasi arus lalu lintas di Traffic light Cempaka Putih terpantau ramai lancar. ";"2022-11-13";1.59174170543459123E18
"17.07 Situasi arus lalu lintas di Traffic light Lebak Bulus menuju arah Pondok Indah terpantau ramai lancar. ";"2022-11-13";1.59173454988904858E18
"16.17 Situasi arus lalu lintas di Gerbang Tol Senayan menuju arah Tomang terpantau ramai lancar. ";"2022-11-13";1.59173109101011763E18
;"2022-11-13";1.59173003206581043E18
;"2022-11-13";1.59172930491609088E18
;"2022-11-13";1.59172902495889408E18
"RT ";"2022-11-13";1.59172638205240934E18
;"2022-11-13";1.59172238498540749E18
"16.17 Situasi arus lalu lintas di Gerbang Tol Senayan menuju arah Tomang terpantau ramai lancar. ";"2022-11-13";1.59172190515299533E18
"RT ";"2022-11-13";1.5917208952526807E18
"16.08 Situasi arus lalu lintas di Traffic light Pasar Rebo Jaktim terpantau ramai lancar. ";"2022-11-13";1.59171951697065574E18
"15.49 Situasi arus lalu lintas di Traffic light Bundaran Pondok Indah Jaksel terpantau ramai lancar. ";"2022-11-13";1.5917149605264425E18
"Luar biasa parkir liar dpn Gandaria City Mall makan satu jalur jalan, sekian kali lapor cuma tindakan musiman & tdk ada efek JERA! Gini kerjanya Sudin tdk bekerja konsisten menindak pelanggar lalin? Gak ada koordinasi antar ";"2022-11-13";1.59171300456309965E18
;"2022-11-13";1.5917084547373015E18
;"2022-11-13";1.59170824413711155E18
"RT ";"2022-11-13";1.59170755816705638E18
;"2022-11-13";1.59169626611502285E18
"14.08 Polri gabung Satpol-PP melaksanakan Apel Cipta Kondisi (Cipkon)  di Lapangan Krimsus Polda Metro Jaya guna cegah ganguan Kamtibmas di Wilayah Hukum Polda Metro Jaya. ";"2022-11-13";1.5916894931361833E18
;"2022-11-13";1.59168945771526963E18
"13.05 Situasi arus lalu lintas di Ruas Tol Jakarta-Tangerang (kemanggisan) terpantau ramai lancar. ";"2022-11-13";1.59168573709919846E18
"13.48 Kegiatan Penyampaian Pendapat  di depan Kantor Kedutaan Besar Republik Rakyat China Jl. DR. Ide Anak Agung Gde Agung, Kuningan Jakarta Selatan. ";"2022-11-13";1.59168436555758387E18
;"2022-11-13";1.59168177748744602E18
"RT ";"2022-11-13";1.59168040646177997E18
;"2022-11-13";1.59167885367168614E18
;"2022-11-13";1.59167861447473152E18
"13.05 Situasi arus lalu lintas di Ruas Tol Jakarta-Tangerang (kemanggisan) terpantau ramai lancar. ";"2022-11-13";1.59167346375578829E18
;"2022-11-13";1.59167086585463194E18
"12.47 Situasi arus lalu lintas di Ruas Tol JORR KM 17+200 Veteran terpantau ramai lancar. ";"2022-11-13";1.59166899254842982E18
"Bagi orang tua agar lebih bijaksana dalam memberikn izin kepada anak yang belum cukup umur untuk berkendara kendaraan bermotor. ";"2022-11-13";1.59165820577581056E18
;"2022-11-13";1.59165322092940902E18
"11.44 Situasi arus lalu lintas di Ruas Tol Dalam Kota (Semanggi) terpantau ramai lancar, cuaca saat ini hujan. ";"2022-11-13";1.59165317247679283E18
"RT ";"2022-11-13";1.59163588519550976E18
"10.34 Situasi arus lalu lintas di Jl Gatot Subroto menuju arah Semanggi terpantau lancar. ";"2022-11-13";1.59163556634430259E18
;"2022-11-13";1.59163010919027917E18
"09.56 Pantauan arus lalu lintas pagi hari di wilayah hukum Polresta Bandara Soekarno-Hatta terpantau ramai lancar. ";"2022-11-13";1.59162674546332877E18
;"2022-11-13";1.59161616825912525E18
"RT ";"2022-11-13";1.59160602933451162E18
;"2022-11-13";1.59160435234268774E18
"08.30 Satlantas Jakarta Selatan melaksanakan pengaturan dan pengamanan di kawasan Wisata Taman Margasatwa Ragunan Jakarta Selatan. ";"2022-11-13";1.5916042597240873E18
;"2022-11-13";1.59159870208255181E18
"08.05 Situasi arus lalu lintas terkini di Jl. MT Haryono menuju Pancoran, dan sebaliknya menuju Cawang terpantau lancar. ";"2022-11-13";1.59159799466282189E18
;"2022-11-13";1.59158818058708582E18
;"2022-11-13";1.59158356014179942E18
;"2022-11-13";1.59156578992849306E18
;"2022-11-13";1.59155642175759974E18
;"2022-11-13";1.59154994884759142E18
"Beberapa motor mulai balapan di Antasari antara Cipete Raya dan Abdul Majid. Sangat berisik. Jam 1 pagi. ";"2022-11-13";1.59149248304463462E18
;"2022-11-13";1.5914887076974633E18
"Dear bapak ";"2022-11-13";1.5914850080067625E18
"RT ";"2022-11-13";1.59148304970720051E18
"23.00 Polri gabung Satpol-PP melaksanakan Apel Cipkon di Lapangan Presisi Polda Metro Jaya guna cegah gangguan Kamtibmas di Wilayah Hukum Polda Metro Jaya. ";"2022-11-13";1.59148157184418611E18
;"2022-11-12";1.59140567987272909E18
;"2022-11-12";1.59139982282918298E18
;"2022-11-12";1.591383478779904E18
"17.47 Situasi arus lalu lintas di Off Ram Cikunir 3 Tol Jorr, Jatiasih arah Cikampek terpantau padat, arah Tanjung priok & Jatiasih terpantau lancar ";"2022-11-12";1.59138243565651149E18
"17.44 Situasi lalu lintas Tol Jagorawi setelah KM 28 arah Jakarta terpantau padat ";"2022-11-12";1.59138145255359693E18
"RT ";"2022-11-12";1.59137691509681766E18
;"2022-11-12";1.59137674871298458E18
;"2022-11-12";1.5913657278982103E18
;"2022-11-12";1.59136381968699802E18
"16.27 Pantauan arus lalu lintas sore hari di  wilayah hukum Polresta Bandara Soekarno-Hatta ";"2022-11-12";1.59136261331289293E18
;"2022-11-12";1.5913498403737641E18
;"2022-11-12";1.59134613914376192E18
"RT ";"2022-11-12";1.59132908887438131E18
"Info terkini pukul 14:15 WIB terjadi kepadatan lalin arah BSD dan arah Jakarta imbas volume lalin, genangan air di KM 08 NIHIL, cuaca mendung ";"2022-11-12";1.59132903270005965E18
;"2022-11-12";1.59132884459808768E18
;"2022-11-12";1.59132786126867661E18
;"2022-11-12";1.59132536445825024E18
"RT ";"2022-11-12";1.59132531715486925E18
"14.00 Situasi arus lalu lintas Traffic Light Kebon Sirih Jakarta Pusat terpantau lancar ";"2022-11-12";1.5913247751207936E18
;"2022-11-12";1.59132369722657997E18
;"2022-11-12";1.59131900189621453E18
"RT ";"2022-11-12";1.591318784065024E18
;"2022-11-12";1.59131649603863757E18
;"2022-11-12";1.59131382547041894E18
;"2022-11-12";1.59131278451163136E18
;"2022-11-12";1.59131165276257894E18
"RT ";"2022-11-12";1.59131074219175936E18
;"2022-11-12";1.59131072372005683E18
;"2022-11-12";1.59130985177455411E18
"Ih motornya Inazuma nih ";"2022-11-12";1.59130961695228314E18
;"2022-11-12";1.59130875654950093E18
;"2022-11-12";1.59130623187213107E18
;"2022-11-12";1.59130551055669658E18
;"2022-11-12";1.59130518512903373E18
"RT ";"2022-11-12";1.59130420118306816E18
;"2022-11-12";1.59130352101373133E18
;"2022-11-12";1.59130297314956493E18
;"2022-11-12";1.59130235448974131E18
;"2022-11-12";1.59130215054590362E18
"RT ";"2022-11-12";1.59130180474648576E18
"RT ";"2022-11-12";1.59130158954932224E18
"12.04 Polri Dit Lantas PMJ siap melayani wajib pajak warga DKI Jakarta dalam pelayanan BPKB, STNK, dan SIM. ";"2022-11-12";1.59130114269659136E18
;"2022-11-12";1.59130104084627866E18
;"2022-11-12";1.59130060308260864E18
;"2022-11-12";1.59129996316184166E18
"Mobil terbakar di km 32-33 tol jorr arah Pondok indah ke Cikunir. Lalu lintas tersendat ";"2022-11-12";1.591299882345984E18
;"2022-11-12";1.59129949152912179E18
;"2022-11-12";1.59129839310770586E18
;"2022-11-12";1.59129765968780083E18
;"2022-11-12";1.59129675787471667E18
;"2022-11-12";1.59129592144621158E18
;"2022-11-12";1.59129462210993766E18
;"2022-11-12";1.59129392833429504E18
;"2022-11-12";1.59129160435436339E18
"RT ";"2022-11-12";1.59128975339123098E18
;"2022-11-12";1.59128840130700083E18
"RT ";"2022-11-12";1.5912849832008745E18
;"2022-11-12";1.59128384499679232E18
"Situasi arus lalu lintas siang hari didepan Gerbang VIP Room Bandara Soekarno-Hatta, dapat diinformasikan arus lalu lintas yang mengarah Jakarta dan Tangerang serta yang menuju Terminal 1, 2 dan 3 serta Cargo terpantau ramai lamcar. ";"2022-11-12";1.59128233911130931E18
;"2022-11-12";1.59128232471680205E18
;"2022-11-12";1.5912814828486697E18
"Situasi arus lalu lintas siang hari arah masuk ke Terminal 1,2 dan 3 serta Cargo di wilayah hukum Polresta Bandara Soekarno-Hatta ";"2022-11-12";1.59128133907596083E18
;"2022-11-12";1.59127885718921626E18
;"2022-11-12";1.59127082946331853E18
;"2022-11-12";1.5912657262410793E18
;"2022-11-12";1.59126442156506726E18
"08.58 Situasi arus lalu lintas Traffic Light Daan Mogot baru Jakarta Barat terpantau ramai lancar. ";"2022-11-12";1.59126158040642765E18
;"2022-11-12";1.5912614725666775E18
;"2022-11-12";1.59126145505967309E18
;"2022-11-12";1.59126134229162803E18
"Demi keselamatan diri sendiri, gunakan helm saat mengendarai sepeda motor. ";"2022-11-12";1.59126057418034381E18
;"2022-11-12";1.59126005189721293E18
;"2022-11-12";1.59125722971783168E18
"DPO pemukul mahasiswa kabur dari surabaya ";"2022-11-12";1.59125537952641843E18
"Telah terjadi Pecah Ban Truk Tangki BBM Pertamina di Traffic Light Relasi Jakarta Barat,situasi arus lalu lintas terpantau ramai lancar, bagi pengendara agar menjaga jarak aman kendaraan anda ";"2022-11-12";1.59125469050295501E18
;"2022-11-12";1.59125417537112883E18
;"2022-11-12";1.5912522089555927E18
"RT ";"2022-11-12";1.59124942281784115E18
"08.58 Situasi arus lalu lintas Traffic Light Daan Mogot baru Jakarta Barat terpantau ramai lancar ";"2022-11-12";1.5912487973087191E18
;"2022-11-12";1.59124837842356634E18
;"2022-11-12";1.59124746812116173E18
;"2022-11-12";1.59124287082846618E18
"08.31 Situasi arus lalu lintas di depan Pintu masuk Taman Margasatwa Ragunan Jakarta Selatan terpantau lancar ";"2022-11-12";1.59124209459698483E18
;"2022-11-12";1.59122590799774106E18
;"2022-11-12";1.59122551926545203E18
;"2022-11-12";1.59121474945038336E18
"06.27 Situasi arus lalu lintas di Traffic light Bintang Mas Ancol Jakarta Utara terpantau lancar. ";"2022-11-12";1.59121110884905779E18
"RT ";"2022-11-12";1.59120747137245594E18
;"2022-11-12";1.59120743015503053E18
;"2022-11-12";1.59120724379792589E18
"06.11 Situasi arus lalu lintas di Traffic light Sarinah Jakpus terpantau lancar. ";"2022-11-12";1.59120698906106266E18
;"2022-11-12";1.59119640717180109E18
;"2022-11-12";1.59118437774854963E18
;"2022-11-12";1.59117823323998208E18
;"2022-11-12";1.59117256865209139E18
"Mohon bantuan nya buat bapak2 ";"2022-11-12";1.59117207479373414E18
"RT ";"2022-11-12";1.59112107622622822E18
;"2022-11-11";1.59111127391970918E18
"23.14 Polri Sat lantas Jakut dan jajaran Polres melakukan apel Cipkon (Cipta Kondisi) guna cegah adanya gangguan kamtibmas di Wilayah Hukum Jakarta Utara. ";"2022-11-11";1.59110208298747085E18
;"2022-11-11";1.59108883673369805E18
;"2022-11-11";1.59108615117119898E18
;"2022-11-11";1.5910853151835136E18
;"2022-11-11";1.59108488399228109E18
;"2022-11-11";1.5910808444664791E18
;"2022-11-11";1.59108063201660109E18
;"2022-11-11";1.59108062730220749E18
;"2022-11-11";1.59107513419001856E18
;"2022-11-11";1.59106962607061811E18
;"2022-11-11";1.59106282112275661E18
;"2022-11-11";1.59106190764109824E18
"RT ";"2022-11-11";1.5910617399108567E18
;"2022-11-11";1.59106045702429082E18
"RT ";"2022-11-11";1.59106044275106611E18
;"2022-11-11";1.59105820685567181E18
;"2022-11-11";1.59103382466609562E18
;"2022-11-11";1.59103329047534387E18
;"2022-11-11";1.59103269451504026E18
"Macet didepan Pasar kranji baru (sayur) bekasi ";"2022-11-11";1.5910256779477975E18
"RT ";"2022-11-11";1.5910184502895575E18
;"2022-11-11";1.59101736447233229E18
"RT ";"2022-11-11";1.59101721324250726E18
;"2022-11-11";1.59101593901296435E18
"Kasus ini agak aneh, perlu penyelidikan mendalam ";"2022-11-11";1.59101572000740147E18
"17.05 Situasi arus lalu lintas terkini di sekitaran Bundaran Senayan mengarah Blok M dan sebaliknya terpantau cenderung padat. ";"2022-11-11";1.59101364940534579E18
;"2022-11-11";1.59101319473437082E18
;"2022-11-11";1.59101125740634931E18
;"2022-11-11";1.59100958155119411E18
;"2022-11-11";1.59100683540617216E18
;"2022-11-11";1.59100668156748186E18
;"2022-11-11";1.59100569266765414E18
;"2022-11-11";1.59100288765174989E18
;"2022-11-11";1.59100180220363162E18
;"2022-11-11";1.59099845115605811E18
;"2022-11-11";1.5909980860293079E18
;"2022-11-11";1.59099776974103757E18
;"2022-11-11";1.59099458945194803E18
;"2022-11-11";1.59099400256398131E18
;"2022-11-11";1.59099369058745549E18
;"2022-11-11";1.59099339342518682E18
;"2022-11-11";1.59099220931025715E18
"RT ";"2022-11-11";1.59099216408728781E18
;"2022-11-11";1.59099184856236442E18
"aku menyebutnya tampan dan pemberani ";"2022-11-11";1.59099171568262758E18
"RT ";"2022-11-11";1.59099130065625498E18
;"2022-11-11";1.5909911048284119E18
"Sore ";"2022-11-11";1.59099096202491904E18
;"2022-11-11";1.5909880127497175E18
;"2022-11-11";1.59098790858837197E18
;"2022-11-11";1.59098650291771802E18
"Tol cikupa menuju merak KM 52 ada perbaikan jalan lalin padat arah sebaliknya ramai lancar ";"2022-11-11";1.5909839617063895E18
;"2022-11-11";1.59098235276297421E18
"Bener ga min,, info dari grup keluarga nih ";"2022-11-11";1.59097873262566195E18
"14.51 Unit Dikyasa Sat Lantas Jakarta Barat melaksanakan kegiatan Polsanak ( Polisi Sahabat Anak ) dengan memberikan edukasi mengenai tertib berlalu lintas dan pengenalan rambu2 lalu lintas kepada siswa/i TK. Angela Bunda Kebon Jeruk Jakbar. ";"2022-11-11";1.5909763556170793E18
;"2022-11-11";1.59097013209625805E18
;"2022-11-11";1.59096851177370829E18
;"2022-11-11";1.59096726210176614E18
"RT ";"2022-11-11";1.59096489269750579E18
;"2022-11-11";1.59096415523821978E18
"kalo mau adegan gini udh keduluan sama baim wong ";"2022-11-11";1.59095961781496627E18
;"2022-11-11";1.59095812838407782E18
;"2022-11-11";1.59095810723640115E18
;"2022-11-11";1.59095796765415834E18
;"2022-11-11";1.59095741105323622E18
"Tindakan tilang, jauh lebih baik ";"2022-11-11";1.59095330984597914E18
;"2022-11-11";1.59095283638457958E18
;"2022-11-11";1.59095262463475302E18
"RT ";"2022-11-11";1.5909510779561943E18
;"2022-11-11";1.59095093157498061E18
;"2022-11-11";1.59095008728254874E18
;"2022-11-11";1.59095006233062195E18
;"2022-11-11";1.59094996204061901E18
;"2022-11-11";1.59094694038850765E18
;"2022-11-11";1.59094687505386701E18
;"2022-11-11";1.59094597486815232E18
;"2022-11-11";1.59094066690929869E18
"Yha kalo kagak ditilang mah gak bakal dicopot.. ";"2022-11-11";1.59094049995922227E18
;"2022-11-11";1.59093921103285453E18
"RT ";"2022-11-11";1.59093452448530432E18
;"2022-11-11";1.59093340903954842E18
;"2022-11-11";1.59093236295912653E18
;"2022-11-11";1.5909317616050135E18
"gile ke patung kuda gapake helm ";"2022-11-11";1.59092920787364659E18
"RT ";"2022-11-11";1.59092733223125402E18
;"2022-11-11";1.59092479252565197E18
;"2022-11-11";1.59092315365589402E18
;"2022-11-11";1.59092262367199642E18
;"2022-11-11";1.59092039283077939E18
;"2022-11-11";1.59091969422328218E18
;"2022-11-11";1.59091946425798246E18
"RT ";"2022-11-11";1.59091856393806643E18
;"2022-11-11";1.59091764045716275E18
;"2022-11-11";1.59091438758150144E18
;"2022-11-11";1.5909124325786624E18
"10.18 Situasi arus lalu lintas di Tol Jagorawi Km. 1+800 arah Bogor terjadi keterlambatan imbas adanya evakuasi truk yang mengalami gangguan. Tetap jaga jarak aman kendaraan anda. ";"2022-11-11";1.5909083074512855E18
;"2022-11-11";1.59090823211321754E18
;"2022-11-11";1.5909068439747625E18
"RT ";"2022-11-11";1.59090611109982208E18
"Bagus nih Pak.. harus rajin ditindak. Sudah terlalu banyak mobil pribadi yg nyaman pakai strobo hanya utk sok2an dan intimidasi ke kendaraan lain ";"2022-11-11";1.59090597360181658E18
"10.08 Polri Sat PJR Dit Lantas PMJ melakukan peneguran kepada pengendara mobil yang menggunakan lampu strobo tidak sesuai peruntukkan dan emlanggar bahu jalan di Tol. Bandara Prof. Dr. Sedyatmo Km. 24. ";"2022-11-11";1.59090564261283021E18
;"2022-11-11";1.59090534031256371E18
"09.45 Dalam rangka kegiatan 'Police Goes To School', Unit Dikyasa Sat Lantas Jakarta Barat melakukan sosialisasi imbauan Tertib Berlalu-lintas, pengenalan rambu2 lalu lintas, dan waspada bahaya narkoba kepada siswa/i di SMP N  220 Kebon Jeruk Jakbar. ";"2022-11-11";1.59089854579175014E18
;"2022-11-11";1.5908972270606377E18
;"2022-11-11";1.59089661393309286E18
"09.37 Dalam rangka kegiatan Jum'at Barokah, Polri Sat Lantas Jakarta Timur membagikan sembako kepada pedagang keliling dan juru parkir di sekitaran Pos Tetap Garuda Unit Lantas Makasar Restro Jaktim. ";"2022-11-11";1.59089647303383859E18
;"2022-11-11";1.59089552032283853E18
;"2022-11-11";1.59089458689726464E18
;"2022-11-11";1.59089229350637158E18
;"2022-11-11";1.59088757321987277E18
;"2022-11-11";1.59088242613357773E18
;"2022-11-11";1.59087897079043686E18
;"2022-11-11";1.59087744962122957E18
"RT ";"2022-11-11";1.59087571731915981E18
;"2022-11-11";1.59087416753639014E18
"07.53 Situasi lalu lintas Tarffic Light Buncit Mampang Jaksel arah Kuningan & terpantau ramai lancar arah Ragunan Lancar. ";"2022-11-11";1.59087274276068147E18
"RT ";"2022-11-11";1.59087209547893555E18
;"2022-11-11";1.59087176947664896E18
"RT ";"2022-11-11";1.59087167864061542E18
"RT ";"2022-11-11";1.59087165854988288E18
"07.53 Situasi lalu lintas Tarffic Light Buncit Mampang Jaksel arah Kuningan & terpantau ramai lancar arah Ragunan Lancar ";"2022-11-11";1.59087078907875738E18
;"2022-11-11";1.59086920559926886E18
"Gerbang tol paling kacau setiap pagi hari. lebih baik gerbang tol cililitan 2 dibongkar aja. Cukup GT Cililitan aja. Sopir bisa jalur paling kiri. Lha sekarang pada berebut ke GT Cililitan2 tpi ambil ancang2 dah dari jauh..  ";"2022-11-11";1.59086711292259123E18
"RT ";"2022-11-11";1.5908654340266025E18
;"2022-11-11";1.59086307866486784E18
;"2022-11-11";1.59086273343586304E18
"RT ";"2022-11-11";1.59086271866356122E18
"RT ";"2022-11-11";1.5908595094505513E18
"06.59 Imbas kecelakaan 2 kendaraan di Tol Janger Kebun Jeruk Km 4.400 arah Tomang lalu lintas terpantau padat, saat ini penanganan petugas ";"2022-11-11";1.59085690006919987E18
"?";"2022-11-11";1.5908561591911465E18
"06.40 Situasi lalu lintas Tarffic Light Trakindo Jaksel arah Ampera & Lebak Bulus terpantau ramai lancar. ";"2022-11-11";1.59085570801444454E18
"Kabel kayak mahasiswa. Turun ke jalan ";"2022-11-11";1.59085530401872691E18
;"2022-11-11";1.59085452851324518E18
;"2022-11-11";1.5908534334769193E18
"06.40 Situasi lalu lintas Tarffic Light Trakindo Jaksel arah Ampera & Lebak Bulus terpantau ramai lancar ";"2022-11-11";1.59085319968223642E18
"06.36 Situasi lalin didpn Terbus Kampung Melayu Jaktim arah Cawang terpantau ramai lancar ";"2022-11-11";1.59085262738623693E18
"RT ";"2022-11-11";1.59085253264529818E18
;"2022-11-11";1.59085188598009037E18
"06.36 Situasi lalin didpn Terbus Kampung Melayu Jaktim arah Cawang terpantau ramai lancar ";"2022-11-11";1.5908514968870953E18
"06.35 Situasi lalin di Traffic Light Rindam Jaktim arah Pasar Minggu terpantau ramai cenderung padat ";"2022-11-11";1.59085062757984256E18
"Lokasi pelayanan STNK Keliling/Samling JUMAT, 11 Nopember 2022 sbb: ";"2022-11-11";1.59084954797018726E18
;"2022-11-11";1.59084843337583411E18
"06.22 Kabel Listrik turun ke jalan disekitar Tarffic Light Borobudur Kalimalang Jaktim yg arah ke Pondok Bambu, hati-hati bagi pengendara apabila melintas saat ini sedang penanganan Petugas ";"2022-11-11";1.59084738712764416E18
;"2022-11-11";1.59084667814349619E18
;"2022-11-11";1.59084536659718963E18
;"2022-11-11";1.59084203270016614E18
;"2022-11-11";1.590834678239744E18
;"2022-11-11";1.59083207630324941E18
;"2022-11-11";1.59082743561204941E18
;"2022-11-11";1.59082662269724672E18
;"2022-11-11";1.59082249078770074E18
;"2022-11-11";1.5908091347144663E18
"RT ";"2022-11-11";1.59080472570406093E18
;"2022-11-11";1.59080389321018982E18
;"2022-11-11";1.5907848683589673E18
"RT ";"2022-11-11";1.59077331212868403E18
"RT ";"2022-11-11";1.59077288245581005E18
"RT ";"2022-11-11";1.59077287164287386E18
"RT ";"2022-11-11";1.59077278169184256E18
"RT ";"2022-11-11";1.59077275997375693E18
"RT ";"2022-11-11";1.5907727430707159E18
;"2022-11-11";1.59077118465188659E18
;"2022-11-11";1.59077088169309389E18
"RT ";"2022-11-11";1.59076905964131533E18
